"depth","temp"
0.1,1.1047185228279
1,1.27348849423936
2,0.834591285416083
3,0.754716016070685
4,0.673833623578518
5,0.548711038320755
6,0.805765300326872
7,1.11774164957886
8,0.716591131075
9,0.627463853845932
10,0.699804158297132
